Data,Poziom,Zmiana,Opad,Temperatura,Rezerwuar_sniegu,Opad_efektywny,Snow_add_mm,Rain_part_mm,Melt_mm
1976-01-01,"98,22","0,0","66,1","-2,1",33.05,33.05,33.05,33.05,0.0
1976-02-01,"98,35","0,13","6,9","-3,8",39.95,0.0,6.9,0.0,0.0
1976-03-01,"98,38","0,03","21,1","-1,0",45.225,15.825,5.275,15.825,0.0
1976-04-01,"98,42","0,04","8,2","6,5",22.6125,30.8125,0.0,8.2,22.6125
1976-05-01,"98,4","-0,02","38,6","12,1",11.30625,49.90625,0.0,38.6,11.30625
1976-06-01,"98,33","-0,07","32,9","15,5",5.653124999999999,38.553125,0.0,32.9,5.653124999999999
1976-07-01,"98,29","-0,04","98,7","18,2",2.8265625,101.5265625,0.0,98.7,2.8265625
1976-08-01,"98,26","-0,03","73,8","15,7",1.4132812499999998,75.21328125,0.0,73.8,1.4132812499999998
1976-09-01,"98,23","-0,03","104,8","12,4",0.7066406249999999,105.506640625,0.0,104.8,0.7066406249999999
1976-10-01,"98,28","0,05","32,9","7,1",0.3533203124999999,33.2533203125,0.0,32.9,0.3533203124999999
1976-11-01,"98,3","0,02","36,0","4,6",0.1766601562499999,36.17666015625,0.0,36.0,0.1766601562499999
1976-12-01,"98,34","0,04","43,4","-1,5",11.02666015625,32.55,10.85,32.55,0.0
1977-01-01,"98,41","0,07","43,7","-1,7",21.95166015625,32.775000000000006,10.925,32.775000000000006,0.0
1977-02-01,"98,49","0,08","25,4","0,3",10.975830078125,36.375830078125,0.0,25.4,10.975830078125
1977-03-01,"98,59","0,1","40,6","4,8",5.4879150390625,46.0879150390625,0.0,40.6,5.4879150390625
1977-04-01,"98,64","0,05","43,6","5,1",2.74395751953125,46.34395751953125,0.0,43.6,2.74395751953125
1977-05-01,"98,63","-0,01","78,0","11,7",1.371978759765625,79.37197875976562,0.0,78.0,1.371978759765625
1977-06-01,"98,52","-0,11","14,7","17,2",0.6859893798828125,15.385989379882812,0.0,14.7,0.6859893798828125
1977-07-01,"98,45","-0,07","100,9","16,1",0.3429946899414062,101.2429946899414,0.0,100.9,0.3429946899414062
1977-08-01,"98,5","0,05","95,9","16,1",0.1714973449707031,96.07149734497072,0.0,95.9,0.1714973449707031
1977-09-01,"98,46","-0,04","36,4","11,1",0.0857486724853515,36.48574867248535,0.0,36.4,0.0857486724853515
1977-10-01,"98,43","-0,03","16,7","9,2",0.0428743362426757,16.742874336242675,0.0,16.7,0.0428743362426757
1977-11-01,"98,43","0,0","48,8","5,0",0.0214371681213378,48.821437168121335,0.0,48.8,0.0214371681213378
1977-12-01,"98,41","-0,02","21,4","0,2",0.0107185840606689,21.410718584060668,0.0,21.4,0.0107185840606689
1978-01-01,"98,44","0,03","20,5","-0,8",0.0075030088424682,20.5032155752182,0.0,20.5,0.0032155752182006
1978-02-01,"98,47","0,03","4,1","-2,8",2.057503008842468,2.05,2.05,2.05,0.0
1978-03-01,"98,48","0,01","22,4","3,1",1.028751504421234,23.428751504421232,0.0,22.4,1.028751504421234
1978-04-01,"98,49","0,01","18,7","5,9",0.514375752210617,19.214375752210618,0.0,18.7,0.514375752210617
1978-05-01,"98,49","0,0","49,5","11,8",0.2571878761053085,49.757187876105306,0.0,49.5,0.2571878761053085
1978-06-01,"98,44","-0,05","49,6","15,4",0.1285939380526542,49.728593938052654,0.0,49.6,0.1285939380526542
1978-07-01,"98,41","-0,03","50,5","16,2",0.0642969690263271,50.56429696902633,0.0,50.5,0.0642969690263271
1978-08-01,"98,38","-0,03","113,5","15,9",0.0321484845131635,113.53214848451316,0.0,113.5,0.0321484845131635
1978-09-01,"98,37","-0,01","82,6","11,1",0.0160742422565817,82.61607424225657,0.0,82.6,0.0160742422565817
1978-10-01,"98,38","0,01","52,0","9,1",0.0080371211282908,52.00803712112829,0.0,52.0,0.0080371211282908
1978-11-01,"98,35","-0,03","21,8","4,9",0.0040185605641454,21.804018560564145,0.0,21.8,0.0040185605641454
1978-12-01,"98,35","0,0","53,8","-3,3",53.80401856056415,0.0,53.8,0.0,0.0
1979-01-01,"98,37","0,02","25,4","-6,0",79.20401856056415,0.0,25.4,0.0,0.0
1979-02-01,"98,39","0,02","19,2","-5,2",98.40401856056415,0.0,19.2,0.0,0.0
1979-03-01,"98,39","0,0","32,1","1,7",63.40401856056416,67.1,0.0,32.1,35.0
1979-04-01,"98,59","0,2","28,7","6,6",31.70200928028208,60.40200928028207,0.0,28.7,31.70200928028208
1979-05-01,"98,51","-0,08","5,9","14,3",15.851004640141038,21.75100464014104,0.0,5.9,15.851004640141038
1979-06-01,"98,41","-0,1","45,7","19,0",7.925502320070519,53.62550232007053,0.0,45.7,7.925502320070519
1979-07-01,"98,3","-0,11","30,2","15,1",3.96275116003526,34.162751160035256,0.0,30.2,3.96275116003526
1979-08-01,"98,26","-0,04","51,4","16,9",1.9813755800176296,53.381375580017625,0.0,51.4,1.9813755800176296
1979-09-01,"98,22","-0,04","66,0","13,4",0.9906877900088148,66.99068779000882,0.0,66.0,0.9906877900088148
1979-10-01,"98,2","-0,02","8,9","6,2",0.4953438950044074,9.395343895004409,0.0,8.9,0.4953438950044074
1979-11-01,"98,18","-0,02","53,7","2,5",0.2476719475022037,53.94767194750221,0.0,53.7,0.2476719475022037
1979-12-01,"98,24","0,06","51,0","2,1",0.1238359737511018,51.1238359737511,0.0,51.0,0.1238359737511018
1980-01-01,"98,3","0,06","20,9","-6,2",21.0238359737511,0.0,20.9,0.0,0.0
1980-02-01,"98,32","0,02","20,1","-1,4",26.048835973751103,15.075,5.025,15.075,0.0
1980-03-01,"98,37","0,05","17,9","-0,2",13.024417986875552,30.92441798687555,0.0,17.9,13.024417986875552
1980-04-01,"98,41","0,04","31,8","5,9",6.512208993437776,38.31220899343778,0.0,31.8,6.512208993437776
1980-05-01,"98,44","0,03","25,9","9,5",3.256104496718888,29.15610449671889,0.0,25.9,3.256104496718888
1980-06-01,"98,45","0,01","138,8","15,1",1.628052248359444,140.42805224835945,0.0,138.8,1.628052248359444
1980-07-01,"98,58","0,13","236,0","16,0",0.814026124179722,236.8140261241797,0.0,236.0,0.814026124179722
1980-08-01,"98,7","0,12","90,2","16,1",0.407013062089861,90.60701306208986,0.0,90.2,0.407013062089861
1980-09-01,"98,61","-0,09","28,5","12,5",0.2035065310449305,28.70350653104493,0.0,28.5,0.2035065310449305
1980-10-01,"98,52","-0,09","28,7","8,4",0.1017532655224652,28.801753265522464,0.0,28.7,0.1017532655224652
1980-11-01,"98,46","-0,06","13,8","2,2",0.0508766327612326,13.850876632761231,0.0,13.8,0.0508766327612326
1980-12-01,"98,42","-0,04","19,4","-0,2",0.0254383163806163,19.42543831638061,0.0,19.4,0.0254383163806163
1981-01-01,"98,5","0,08","32,0","-2,4",16.025438316380615,16.0,16.0,16.0,0.0
1981-02-01,"98,54","0,04","16,3","-1,0",20.10043831638061,12.225,4.075,12.225,0.0
1981-03-01,"98,54","0,0","53,4","5,1",10.050219158190307,63.45021915819031,0.0,53.4,10.050219158190307
1981-04-01,"98,56","0,02","17,0","6,4",5.025109579095154,22.025109579095155,0.0,17.0,5.025109579095154
1981-05-01,"98,53","-0,03","36,0","14,3",2.512554789547577,38.51255478954758,0.0,36.0,2.512554789547577
1981-06-01,"98,49","-0,04","94,2","16,8",1.2562773947737884,95.4562773947738,0.0,94.2,1.2562773947737884
1981-07-01,"98,48","-0,01","148,5","17,4",0.6281386973868942,149.1281386973869,0.0,148.5,0.6281386973868942
1981-08-01,"98,56","0,08","50,7","16,7",0.3140693486934471,51.01406934869345,0.0,50.7,0.3140693486934471
1981-09-01,"98,53","-0,03","11,7","13,8",0.1570346743467235,11.857034674346725,0.0,11.7,0.1570346743467235
1981-10-01,"98,5","-0,03","61,3","8,2",0.0785173371733617,61.37851733717336,0.0,61.3,0.0785173371733617
1981-11-01,"98,52","0,02","44,1","3,9",0.0392586685866808,44.139258668586685,0.0,44.1,0.0392586685866808
1981-12-01,"98,57","0,05","39,2","-4,0",39.239258668586686,0.0,39.2,0.0,0.0
1982-01-01,"98,65","0,08","44,1","-3,7",83.3392586685867,0.0,44.1,0.0,0.0
1982-02-01,"98,59","-0,06","9,3","-1,3",85.6642586685867,6.9750000000000005,2.325,6.9750000000000005,0.0
1982-03-01,"98,59","0,0","24,5","4,0",50.6642586685867,59.5,0.0,24.5,35.0
1982-04-01,"98,59","0,0","31,4","5,9",25.33212933429335,56.73212933429335,0.0,31.4,25.33212933429335
1982-05-01,"98,55","-0,04","42,1","13,3",12.666064667146674,54.76606466714668,0.0,42.1,12.666064667146674
1982-06-01,"98,45","-0,1","48,5","16,1",6.333032333573337,54.833032333573335,0.0,48.5,6.333032333573337
1982-07-01,"98,38","-0,07","23,9","19,4",3.1665161667866686,27.066516166786663,0.0,23.9,3.1665161667866686
1982-08-01,"98,26","-0,12","24,8","18,9",1.5832580833933343,26.383258083393336,0.0,24.8,1.5832580833933343
1982-09-01,"98,17","-0,09","2,4","14,7",0.7916290416966671,3.191629041696668,0.0,2.4,0.7916290416966671
1982-10-01,"98,12","-0,05","5,8","9,2",0.3958145208483336,6.195814520848334,0.0,5.8,0.3958145208483336
1982-11-01,"98,1","-0,02","17,5","5,0",0.1979072604241668,17.697907260424167,0.0,17.5,0.1979072604241668
1982-12-01,"98,12","0,02","36,6","1,2",0.0989536302120834,36.69895363021209,0.0,36.6,0.0989536302120834
1983-01-01,"98,18","0,06","45,3","3,7",0.0494768151060417,45.34947681510604,0.0,45.3,0.0494768151060417
1983-02-01,"98,24","0,06","60,0","-3,1",60.04947681510604,0.0,60.0,0.0,0.0
1983-03-01,"98,33","0,09","32,4","4,2",30.02473840755302,62.42473840755302,0.0,32.4,30.02473840755302
1983-04-01,"98,4","0,07","28,7","9,2",15.01236920377651,43.71236920377651,0.0,28.7,15.01236920377651
1983-05-01,"98,4","0,0","41,7","14,8",7.506184601888255,49.20618460188826,0.0,41.7,7.506184601888255
1983-06-01,"98,29","-0,11","36,0","16,7",3.753092300944128,39.753092300944125,0.0,36.0,3.753092300944128
1983-07-01,"98,17","-0,12","31,3","20,0",1.876546150472064,33.17654615047206,0.0,31.3,1.876546150472064
1983-08-01,"98,14","-0,03","54,0","18,2",0.938273075236032,54.93827307523603,0.0,54.0,0.938273075236032
1983-09-01,"98,08","-0,06","37,7","13,8",0.4691365376180159,38.169136537618016,0.0,37.7,0.4691365376180159
1983-10-01,"98,04","-0,04","29,0","8,8",0.2345682688090079,29.234568268809006,0.0,29.0,0.2345682688090079
1983-11-01,"98,03","-0,01","29,2","2,1",0.1172841344045039,29.317284134404503,0.0,29.2,0.1172841344045039
1983-12-01,"98,05","0,02","36,5","-1,0",9.242284134404503,27.375,9.125,27.375,0.0
1984-01-01,"98,1","0,05","37,8","0,6",4.621142067202252,42.42114206720225,0.0,37.8,4.621142067202252
1984-02-01,"98,15","0,05","19,5","-1,1",9.496142067202252,14.625,4.875,14.625,0.0
1984-03-01,"98,18","0,03","25,0","1,1",4.748071033601126,29.748071033601125,0.0,25.0,4.748071033601126
1984-04-01,"98,25","0,07","12,0","8,0",2.374035516800563,14.374035516800562,0.0,12.0,2.374035516800563
1984-05-01,"98,26","0,01","68,0","12,9",1.1870177584002817,69.18701775840029,0.0,68.0,1.1870177584002817
1984-06-01,"98,33","0,07","59,0","14,4",0.5935088792001407,59.593508879200144,0.0,59.0,0.5935088792001407
1984-07-01,"98,31","-0,02","63,5","15,5",0.2967544396000703,63.79675443960007,0.0,63.5,0.2967544396000703
1984-08-01,"98,23","-0,08","21,0","17,9",0.1483772198000351,21.14837721980004,0.0,21.0,0.1483772198000351
1984-09-01,"98,2","-0,03","58,1","12,5",0.0741886099000175,58.17418860990002,0.0,58.1,0.0741886099000175
1984-10-01,"98,2","0,0","22,0","10,6",0.0370943049500087,22.03709430495001,0.0,22.0,0.0370943049500087
1984-11-01,"98,15","-0,05","25,7","2,7",0.0185471524750043,25.718547152475004,0.0,25.7,0.0185471524750043
1984-12-01,"98,18","0,03","15,6","-0,8",0.012983006732503,15.605564145742502,0.0,15.6,0.0055641457425013
1985-01-01,"98,16","-0,02","29,0","-8,1",29.012983006732505,0.0,29.0,0.0,0.0
1985-02-01,"98,22","0,06","34,8","-7,9",63.8129830067325,0.0,34.8,0.0,0.0
1985-03-01,"98,25","0,03","20,0","2,5",31.90649150336625,51.906491503366254,0.0,20.0,31.90649150336625
1985-04-01,"98,3","0,05","24,3","7,7",15.953245751683124,40.25324575168312,0.0,24.3,15.953245751683124
1985-05-01,"98,32","0,02","88,4","14,6",7.976622875841563,96.37662287584156,0.0,88.4,7.976622875841563
1985-06-01,"98,34","0,02","100,0","14,0",3.988311437920781,103.9883114379208,0.0,100.0,3.988311437920781
1985-07-01,"98,37","0,03","96,0","17,2",1.994155718960391,97.9941557189604,0.0,96.0,1.994155718960391
1985-08-01,"98,37","0,0","187,9","16,8",0.9970778594801952,188.8970778594802,0.0,187.9,0.9970778594801952
1985-09-01,"98,49","0,12","31,8","12,3",0.4985389297400976,32.2985389297401,0.0,31.8,0.4985389297400976
1985-10-01,"98,43","-0,06","7,7","8,2",0.2492694648700488,7.949269464870049,0.0,7.7,0.2492694648700488
1985-11-01,"98,39","-0,04","27,3","0,6",0.1246347324350244,27.424634732435024,0.0,27.3,0.1246347324350244
1985-12-01,"98,39","0,0","64,3","2,1",0.0623173662175122,64.36231736621751,0.0,64.3,0.0623173662175122
1986-01-01,"98,42","0,03","69,7","-1,3",17.487317366217514,52.275000000000006,17.425,52.275000000000006,0.0
1986-02-01,"98,5","0,08","16,9","-9,5",34.38731736621752,0.0,16.9,0.0,0.0
1986-03-01,"98,41","-0,09","22,9","1,8",17.193658683108758,40.09365868310876,0.0,22.9,17.193658683108758
1986-04-01,"98,53","0,12","34,5","7,8",8.596829341554379,43.09682934155438,0.0,34.5,8.596829341554379
1986-05-01,"98,51","-0,02","56,9","14,9",4.2984146707771895,61.19841467077719,0.0,56.9,4.2984146707771895
1986-06-01,"98,48","-0,03","58,8","16,2",2.1492073353885948,60.94920733538859,0.0,58.8,2.1492073353885948
1986-07-01,"98,35","-0,13","65,5","17,4",1.0746036676942974,66.57460366769429,0.0,65.5,1.0746036676942974
1986-08-01,"98,25","-0,1","40,6","16,7",0.5373018338471487,41.13730183384715,0.0,40.6,0.5373018338471487
1986-09-01,"98,19","-0,06","26,2","10,8",0.2686509169235743,26.46865091692357,0.0,26.2,0.2686509169235743
1986-10-01,"98,17","-0,02","30,5","8,1",0.1343254584617871,30.634325458461788,0.0,30.5,0.1343254584617871
1986-11-01,"98,19","0,02","25,3","5,0",0.0671627292308935,25.36716272923089,0.0,25.3,0.0671627292308935
1986-12-01,"98,19","0,0","67,5","0,6",0.0335813646154467,67.53358136461544,0.0,67.5,0.0335813646154467
1987-01-01,"98,24","0,05","51,2","-11,0",51.233581364615446,0.0,51.2,0.0,0.0
1987-02-01,"98,27","0,03","26,9","-1,2",57.95858136461545,20.175,6.725,20.175,0.0
1987-03-01,"98,33","0,06","16,0","-2,0",65.95858136461544,8.0,8.0,8.0,0.0
1987-04-01,"98,38","0,05","48,1","7,5",32.97929068230772,81.07929068230771,0.0,48.1,32.97929068230772
1987-05-01,"98,39","0,01","17,4","11,5",16.48964534115386,33.88964534115386,0.0,17.4,16.48964534115386
1987-06-01,"98,35","-0,04","67,5","15,2",8.24482267057693,75.74482267057692,0.0,67.5,8.24482267057693
1987-07-01,"98,36","0,01","99,7","17,5",4.122411335288465,103.82241133528846,0.0,99.7,4.122411335288465
1987-08-01,"98,33","-0,03","58,0","14,9",2.0612056676442325,60.06120566764423,0.0,58.0,2.0612056676442325
1987-09-01,"98,3","-0,03","64,6","13,2",1.0306028338221165,65.63060283382211,0.0,64.6,1.0306028338221165
1987-10-01,"98,26","-0,04","29,0","8,9",0.5153014169110581,29.515301416911058,0.0,29.0,0.5153014169110581
1987-11-01,"98,23","-0,03","69,1","4,5",0.257650708455529,69.35765070845552,0.0,69.1,0.257650708455529
1987-12-01,"98,27","0,04","41,4","1,1",0.1288253542277645,41.52882535422776,0.0,41.4,0.1288253542277645
1988-01-01,"98,31","0,04","35,4","2,2",0.0644126771138822,35.464412677113884,0.0,35.4,0.0644126771138822
1988-02-01,"98,41","0,1","43,2","1,7",0.0322063385569411,43.23220633855694,0.0,43.2,0.0322063385569411
1988-03-01,"98,52","0,11","42,7","1,8",0.0161031692784705,42.71610316927848,0.0,42.7,0.0161031692784705
1988-04-01,"98,57","0,05","21,8","7,4",0.0080515846392352,21.80805158463924,0.0,21.8,0.0080515846392352
1988-05-01,"98,48","-0,09","43,6","14,8",0.0040257923196176,43.60402579231962,0.0,43.6,0.0040257923196176
1988-06-01,"98,41","-0,07","62,8","16,4",0.0020128961598088,62.80201289615981,0.0,62.8,0.0020128961598088
1988-07-01,"98,39","-0,02","79,2","18,4",0.0010064480799044,79.20100644807991,0.0,79.2,0.0010064480799044
1988-08-01,"98,28","-0,11","74,7","17,1",0.0005032240399522,74.70050322403995,0.0,74.7,0.0005032240399522
1988-09-01,"98,3","0,02","75,1","13,7",0.0002516120199761,75.10025161201997,0.0,75.1,0.0002516120199761
1988-10-01,"98,23","-0,07","26,3","8,3",0.000125806009988,26.300125806009987,0.0,26.3,0.000125806009988
1988-11-01,"98,22","-0,01","53,4","0,6",6.290300499402565e-05,53.400062903004994,0.0,53.4,6.290300499402565e-05
1988-12-01,"98,22","0,0","78,3","1,9",3.1451502497012825e-05,78.30003145150249,0.0,78.3,3.1451502497012825e-05
1989-01-01,"98,29","0,07","10,3","1,7",1.5725751248506413e-05,10.30001572575125,0.0,10.3,1.5725751248506413e-05
1989-02-01,"98,31","0,02","20,0","3,8",7.862875624253206e-06,20.000007862875623,0.0,20.0,7.862875624253206e-06
1989-03-01,"98,38","0,07","12,8","5,7",3.931437812126603e-06,12.800003931437812,0.0,12.8,3.931437812126603e-06
1989-04-01,"98,38","0,0","35,5","8,8",1.9657189060633016e-06,35.50000196571891,0.0,35.5,1.9657189060633016e-06
1989-05-01,"98,3","-0,08","12,8","14,1",9.828594530316508e-07,12.800000982859451,0.0,12.8,9.828594530316508e-07
1989-06-01,"98,24","-0,06","40,2","15,7",4.914297265158254e-07,40.200000491429726,0.0,40.2,4.914297265158254e-07
1989-07-01,"98,15","-0,09","25,1","18,6",2.457148632579127e-07,25.100000245714863,0.0,25.1,2.457148632579127e-07
1989-08-01,"98,06","-0,09","14,3","18,2",1.228574316289564e-07,14.300000122857432,0.0,14.3,1.228574316289564e-07
1989-09-01,"98,02","-0,04","23,4","15,1",6.142871581447817e-08,23.40000006142872,0.0,23.4,6.142871581447817e-08
1989-10-01,"98,0","-0,02","26,2","10,1",3.0714357907239094e-08,26.20000003071436,0.0,26.2,3.0714357907239094e-08
1989-11-01,"97,99","-0,01","29,9","1,6",1.5357178953619544e-08,29.90000001535718,0.0,29.9,1.5357178953619544e-08
1989-12-01,"98,0","0,01","43,3","1,0",7.678589476809772e-09,43.30000000767858,0.0,43.3,7.678589476809772e-09
1990-01-01,"98,04","0,04","14,1","2,3",3.839294738404886e-09,14.100000003839297,0.0,14.1,3.839294738404886e-09
1990-02-01,"98,08","0,04","32,9","4,8",1.919647369202443e-09,32.90000000191964,0.0,32.9,1.919647369202443e-09
1990-03-01,"98,11","0,03","24,2","6,5",9.598236846012215e-10,24.20000000095982,0.0,24.2,9.598236846012215e-10
1990-04-01,"98,13","0,02","39,2","8,0",4.799118423006105e-10,39.20000000047992,0.0,39.2,4.799118423006105e-10
1990-05-01,"98,12","-0,01","19,5","14,3",2.3995592115030537e-10,19.50000000023996,0.0,19.5,2.3995592115030537e-10
1990-06-01,"98,1","-0,02","111,4","16,7",1.1997796057515268e-10,111.40000000012,0.0,111.4,1.1997796057515268e-10
1990-07-01,"98,09","-0,01","35,7","17,1",5.998898028757634e-11,35.700000000059994,0.0,35.7,5.998898028757634e-11
1990-08-01,"98,04","-0,05","49,8","17,9",2.999449014378817e-11,49.80000000002999,0.0,49.8,2.999449014378817e-11
1990-09-01,"98,0","-0,04","47,0","11,4",1.4997245071894086e-11,47.000000000015,0.0,47.0,1.4997245071894086e-11
1990-10-01,"97,98","-0,02","42,2","9,3",7.498622535947043e-12,42.2000000000075,0.0,42.2,7.498622535947043e-12
1990-11-01,"97,99","0,01","41,2","4,6",3.7493112679735206e-12,41.20000000000376,0.0,41.2,3.7493112679735206e-12
1990-12-01,"98,02","0,03","47,0","0,1",1.8746556339867607e-12,47.00000000000188,0.0,47.0,1.8746556339867607e-12
1991-01-01,"98,05","0,03","12,7","0,6",9.373278169933803e-13,12.700000000000935,0.0,12.7,9.373278169933803e-13
1991-02-01,"98,06","0,01","16,7","-4,1",16.700000000000937,0.0,16.7,0.0,0.0
1991-03-01,"98,09","0,03","22,0","4,7",8.350000000000469,30.35000000000047,0.0,22.0,8.350000000000469
1991-04-01,"98,13","0,04","22,7","8,1",4.175000000000234,26.875000000000234,0.0,22.7,4.175000000000234
1991-05-01,"98,13","0,0","43,3","10,0",2.087500000000117,45.38750000000012,0.0,43.3,2.087500000000117
1991-06-01,"98,14","0,01","82,9","14,6",1.0437500000000586,83.94375000000007,0.0,82.9,1.0437500000000586
1991-07-01,"98,13","-0,01","50,1","19,3",0.5218750000000293,50.62187500000003,0.0,50.1,0.5218750000000293
1991-08-01,"98,06","-0,07","36,5","18,3",0.2609375000000146,36.76093750000001,0.0,36.5,0.2609375000000146
1991-09-01,"97,99","-0,07","22,1","14,3",0.1304687500000073,22.230468750000007,0.0,22.1,0.1304687500000073
1991-10-01,"97,93","-0,06","19,2","7,7",0.0652343750000036,19.265234375,0.0,19.2,0.0652343750000036
1991-11-01,"97,91","-0,02","47,4","3,8",0.0326171875000018,47.4326171875,0.0,47.4,0.0326171875000018
1991-12-01,"97,93","0,02","45,1","-0,4",0.0163085937500009,45.116308593750006,0.0,45.1,0.0163085937500009
1992-01-01,"97,95","0,02","9,7","-0,3",0.0081542968750004,9.708154296875,0.0,9.7,0.0081542968750004
1992-02-01,"97,97","0,02","19,8","2,0",0.0040771484375002,19.8040771484375,0.0,19.8,0.0040771484375002
1992-03-01,"98,02","0,05","74,8","3,3",0.0020385742187501,74.80203857421874,0.0,74.8,0.0020385742187501
1992-04-01,"98,13","0,11","7,8","7,9",0.001019287109375,7.801019287109375,0.0,7.8,0.001019287109375
1992-05-01,"98,12","-0,01","26,4","14,0",0.0005096435546875,26.400509643554685,0.0,26.4,0.0005096435546875
1992-06-01,"98,03","-0,09","41,0","19,0",0.0002548217773437,41.00025482177735,0.0,41.0,0.0002548217773437
1992-07-01,"97,91","-0,12","11,6","20,1",0.0001274108886718,11.600127410888671,0.0,11.6,0.0001274108886718
1992-08-01,"97,8","-0,11","49,9","20,9",6.370544433594108e-05,49.90006370544433,0.0,49.9,6.370544433594108e-05
1992-09-01,"97,75","-0,05","17,5","13,3",3.185272216797054e-05,17.500031852722167,0.0,17.5,3.185272216797054e-05
1992-10-01,"97,68","-0,07","28,0","5,7",1.592636108398527e-05,28.000015926361083,0.0,28.0,1.592636108398527e-05
1992-11-01,"97,69","0,01","43,7","4,0",7.963180541992634e-06,43.70000796318055,0.0,43.7,7.963180541992634e-06
1992-12-01,"97,71","0,02","26,1","-0,6",5.574226379394844e-06,26.100002388954163,0.0,26.1,2.3889541625977904e-06
1993-01-01,"97,75","0,04","47,7","0,4",2.7871131896974218e-06,47.70000278711319,0.0,47.7,2.7871131896974218e-06
1993-02-01,"97,79","0,04","31,5","-0,8",1.950979232788195e-06,31.50000083613396,0.0,31.5,8.361339569092265e-07
1993-03-01,"97,82","0,03","33,2","1,8",9.754896163940976e-07,33.20000097548962,0.0,33.2,9.754896163940976e-07
1993-04-01,"97,86","0,04","12,7","9,2",4.877448081970488e-07,12.700000487744807,0.0,12.7,4.877448081970488e-07
1993-05-01,"97,83","-0,03","25,7","16,4",2.438724040985244e-07,25.7000002438724,0.0,25.7,2.438724040985244e-07
1993-06-01,"97,78","-0,05","53,1","15,6",1.219362020492622e-07,53.100000121936205,0.0,53.1,1.219362020492622e-07
1993-07-01,"97,78","0,0","102,3","16,3",6.09681010246311e-08,102.3000000609681,0.0,102.3,6.09681010246311e-08
1993-08-01,"97,77","-0,01","42,4","16,3",3.048405051231555e-08,42.40000003048405,0.0,42.4,3.048405051231555e-08
1993-09-01,"97,76","-0,01","79,8","12,1",1.5242025256157775e-08,79.80000001524202,0.0,79.8,1.5242025256157775e-08
1993-10-01,"97,76","0,0","16,7","8,0",7.621012628078887e-09,16.70000000762101,0.0,16.7,7.621012628078887e-09
1993-11-01,"97,75","-0,01","40,7","-0,7",5.3347088396552215e-09,40.70000000228631,0.0,40.7,2.2863037884236663e-09
1993-12-01,"97,76","0,01","91,0","2,2",2.6673544198276107e-09,91.00000000266736,0.0,91.0,2.6673544198276107e-09
1994-01-01,"97,87","0,11","39,5","2,4",1.3336772099138054e-09,39.50000000133368,0.0,39.5,1.3336772099138054e-09
1994-02-01,"97,96","0,09","25,8","-2,2",12.900000001333678,12.9,12.9,12.9,0.0
1994-03-01,"98,0","0,04","58,7","4,4",6.450000000666839,65.15000000066684,0.0,58.7,6.450000000666839
1994-04-01,"98,12","0,12","35,0","9,0",3.22500000033342,38.22500000033342,0.0,35.0,3.22500000033342
1994-05-01,"98,16","0,04","64,7","12,6",1.6125000001667098,66.31250000016671,0.0,64.7,1.6125000001667098
1994-06-01,"98,15","-0,01","31,8","15,8",0.8062500000833549,32.60625000008336,0.0,31.8,0.8062500000833549
1994-07-01,"98,08","-0,07","50,4","22,1",0.4031250000416774,50.80312500004168,0.0,50.4,0.4031250000416774
1994-08-01,"97,98","-0,1","40,4","18,8",0.2015625000208387,40.60156250002084,0.0,40.4,0.2015625000208387
1994-09-01,"97,97","-0,01","91,8","14,3",0.1007812500104193,91.9007812500104,0.0,91.8,0.1007812500104193
1994-10-01,"97,95","-0,02","15,2","6,6",0.0503906250052096,15.25039062500521,0.0,15.2,0.0503906250052096
1994-11-01,"97,96","0,01","23,4","4,3",0.0251953125026048,23.4251953125026,0.0,23.4,0.0251953125026048
1994-12-01,"97,97","0,01","43,4","1,8",0.0125976562513024,43.4125976562513,0.0,43.4,0.0125976562513024
1995-01-01,"98,03","0,06","31,4","-0,6",0.0088183593759116,31.40377929687539,0.0,31.4,0.0037792968753907
1995-02-01,"98,1","0,07","36,5","3,5",0.0044091796879558,36.504409179687954,0.0,36.5,0.0044091796879558
1995-03-01,"98,15","0,05","39,8","2,8",0.0022045898439779,39.80220458984397,0.0,39.8,0.0022045898439779
1995-04-01,"98,22","0,07","24,8","8,2",0.0011022949219889,24.80110229492199,0.0,24.8,0.0011022949219889
1995-05-01,"98,24","0,02","34,0","12,8",0.0005511474609944,34.000551147461,0.0,34.0,0.0005511474609944
1995-06-01,"98,23","-0,01","70,3","16,3",0.0002755737304972,70.30027557373049,0.0,70.3,0.0002755737304972
1995-07-01,"98,17","-0,06","56,9","20,6",0.0001377868652486,56.90013778686525,0.0,56.9,0.0001377868652486
1995-08-01,"98,07","-0,1","63,8","19,0",6.889343262431012e-05,63.80006889343262,0.0,63.8,6.889343262431012e-05
1995-09-01,"98,09","0,02","119,8","13,4",3.444671631215506e-05,119.80003444671632,0.0,119.8,3.444671631215506e-05
1995-10-01,"98,12","0,03","13,6","10,5",1.722335815607753e-05,13.600017223358156,0.0,13.6,1.722335815607753e-05
1995-11-01,"98,1","-0,02","17,0","1,1",8.611679078038765e-06,17.00000861167908,0.0,17.0,8.611679078038765e-06
1995-12-01,"98,09","-0,01","18,8","-4,9",18.80000861167908,0.0,18.8,0.0,0.0
1996-01-01,"98,11","0,02","8,8","-5,7",27.60000861167908,0.0,8.8,0.0,0.0
1996-02-01,"98,12","0,01","35,2","-5,6",62.80000861167908,0.0,35.2,0.0,0.0
1996-03-01,"98,12","0,0","8,5","-0,9",43.96000602817536,27.340002583503725,0.0,8.5,18.840002583503725
1996-04-01,"98,18","0,06","9,8","7,6",21.98000301408768,31.78000301408768,0.0,9.8,21.98000301408768
1996-05-01,"98,23","0,05","92,2","13,5",10.99000150704384,103.19000150704385,0.0,92.2,10.99000150704384
1996-06-01,"98,21","-0,02","25,8","16,6",5.49500075352192,31.29500075352192,0.0,25.8,5.49500075352192
1996-07-01,"98,21","0,0","106,9","15,9",2.74750037676096,109.64750037676096,0.0,106.9,2.74750037676096
1996-08-01,"98,18","-0,03","62,2","18,4",1.37375018838048,63.57375018838048,0.0,62.2,1.37375018838048
1996-09-01,"98,17","-0,01","62,5","10,9",0.68687509419024,63.18687509419024,0.0,62.5,0.68687509419024
1996-10-01,"98,15","-0,02","26,1","9,5",0.34343754709512,26.44343754709512,0.0,26.1,0.34343754709512
1996-11-01,"98,13","-0,02","15,1","5,4",0.17171877354756,15.27171877354756,0.0,15.1,0.17171877354756
1996-12-01,"98,13","0,0","7,6","-4,5",7.771718773547559,0.0,7.6,0.0,0.0
1997-01-01,"98,13","0,0","0,8","-3,2",8.571718773547559,0.0,0.8,0.0,0.0
1997-02-01,"98,11","-0,02","49,6","2,9",4.28585938677378,53.88585938677378,0.0,49.6,4.28585938677378
1997-03-01,"98,17","0,06","24,4","4,1",2.1429296933868898,26.54292969338689,0.0,24.4,2.1429296933868898
1997-04-01,"98,19","0,02","15,8","5,5",1.0714648466934449,16.871464846693446,0.0,15.8,1.0714648466934449
1997-05-01,"98,19","0,0","49,8","12,6",0.5357324233467224,50.33573242334672,0.0,49.8,0.5357324233467224
1997-06-01,"98,14","-0,05","64,0","16,5",0.2678662116733612,64.26786621167336,0.0,64.0,0.2678662116733612
1997-07-01,"98,15","0,01","115,5","17,8",0.1339331058366806,115.63393310583668,0.0,115.5,0.1339331058366806
1997-08-01,"98,12","-0,03","33,8","19,6",0.0669665529183403,33.866966552918335,0.0,33.8,0.0669665529183403
1997-09-01,"98,01","-0,11","22,7","13,5",0.0334832764591701,22.733483276459168,0.0,22.7,0.0334832764591701
1997-10-01,"97,97","-0,04","44,1","7,4",0.016741638229585,44.116741638229584,0.0,44.1,0.016741638229585
1997-11-01,"97,97","0,0","24,4","3,0",0.0083708191147925,24.40837081911479,0.0,24.4,0.0083708191147925
1997-12-01,"97,99","0,02","35,7","1,6",0.0041854095573962,35.7041854095574,0.0,35.7,0.0041854095573962
1998-01-01,"98,01","0,02","40,0","1,9",0.0020927047786981,40.0020927047787,0.0,40.0,0.0020927047786981
1998-02-01,"98,07","0,06","16,8","4,6",0.001046352389349,16.80104635238935,0.0,16.8,0.001046352389349
1998-03-01,"98,13","0,06","46,3","3,3",0.0005231761946745,46.30052317619467,0.0,46.3,0.0005231761946745
1998-04-01,"98,17","0,04","36,5","10,4",0.0002615880973372,36.50026158809734,0.0,36.5,0.0002615880973372
1998-05-01,"98,18","0,01","36,1","14,6",0.0001307940486686,36.10013079404867,0.0,36.1,0.0001307940486686
1998-06-01,"98,11","-0,07","35,5","17,1",6.53970243343167e-05,35.500065397024336,0.0,35.5,6.53970243343167e-05
1998-07-01,"98,05","-0,06","73,9","17,4",3.269851216715835e-05,73.90003269851218,0.0,73.9,3.269851216715835e-05
1998-08-01,"98,01","-0,04","68,6","16,7",1.6349256083579176e-05,68.60001634925608,0.0,68.6,1.6349256083579176e-05
1998-09-01,"98,01","0,0","96,7","14,0",8.174628041789588e-06,96.70000817462804,0.0,96.7,8.174628041789588e-06
1998-10-01,"98,03","0,02","68,1","8,5",4.087314020894794e-06,68.10000408731402,0.0,68.1,4.087314020894794e-06
1998-11-01,"98,04","0,01","47,5","0,1",2.043657010447397e-06,47.50000204365701,0.0,47.5,2.043657010447397e-06
1998-12-01,"98,06","0,02","41,6","-0,2",1.0218285052236985e-06,41.6000010218285,0.0,41.6,1.0218285052236985e-06
1999-01-01,"98,11","0,05","46,0","1,2",5.109142526118493e-07,46.000000510914255,0.0,46.0,5.109142526118493e-07
1999-02-01,"98,17","0,06","52,8","-0,5",3.576399768282945e-07,52.80000015327428,0.0,52.8,1.5327427578355478e-07
1999-03-01,"98,25","0,08","55,0","4,4",1.7881998841414725e-07,55.00000017881999,0.0,55.0,1.7881998841414725e-07
1999-04-01,"98,35","0,1","83,6","9,5",8.940999420707362e-08,83.60000008940999,0.0,83.6,8.940999420707362e-08
1999-05-01,"98,43","0,08","41,8","13,0",4.470499710353681e-08,41.800000044704994,0.0,41.8,4.470499710353681e-08
1999-06-01,"98,37","-0,06","58,0","16,2",2.2352498551768413e-08,58.0000000223525,0.0,58.0,2.2352498551768413e-08
1999-07-01,"98,27","-0,1","61,6","19,6",1.1176249275884205e-08,61.60000001117625,0.0,61.6,1.1176249275884205e-08
1999-08-01,"98,15","-0,12","14,0","17,8",5.588124637942101e-09,14.000000005588126,0.0,14.0,5.588124637942101e-09
1999-09-01,"98,05","-0,1","18,4","17,1",2.7940623189710504e-09,18.400000002794062,0.0,18.4,2.7940623189710504e-09
1999-10-01,"98,01","-0,04","43,8","9,0",1.3970311594855252e-09,43.80000000139703,0.0,43.8,1.3970311594855252e-09
1999-11-01,"98,01","0,0","35,3","2,9",6.985155797427626e-10,35.30000000069851,0.0,35.3,6.985155797427626e-10
1999-12-01,"98,03","0,02","46,7","1,7",3.492577898713813e-10,46.70000000034926,0.0,46.7,3.492577898713813e-10
2000-01-01,"98,05","0,02","27,6","-0,1",1.7462889493569067e-10,27.60000000017463,0.0,27.6,1.7462889493569067e-10
2000-02-01,"98,09","0,04","34,4","3,2",8.731444746784534e-11,34.40000000008731,0.0,34.4,8.731444746784534e-11
2000-03-01,"98,15","0,06","70,7","4,1",4.365722373392267e-11,70.70000000004366,0.0,70.7,4.365722373392267e-11
2000-04-01,"98,23","0,08","21,8","12,1",2.1828611866961328e-11,21.80000000002183,0.0,21.8,2.1828611866961328e-11
2000-05-01,"98,19","-0,04","33,5","15,6",1.0914305933480667e-11,33.500000000010914,0.0,33.5,1.0914305933480667e-11
2000-06-01,"98,07","-0,12","30,1","17,3",5.4571529667403335e-12,30.10000000000546,0.0,30.1,5.4571529667403335e-12
2000-07-01,"98,05","-0,02","151,9","16,3",2.7285764833701668e-12,151.90000000000273,0.0,151.9,2.7285764833701668e-12
2000-08-01,"98,13","0,08","69,7","18,2",1.3642882416850834e-12,69.70000000000137,0.0,69.7,1.3642882416850834e-12
2000-09-01,"98,09","-0,04","47,1","12,9",6.821441208425417e-13,47.10000000000068,0.0,47.1,6.821441208425417e-13
2000-10-01,"98,05","-0,04","15,7","11,8",3.4107206042127085e-13,15.70000000000034,0.0,15.7,3.4107206042127085e-13
2000-11-01,"98,05","0,0","47,4","6,5",1.7053603021063542e-13,47.40000000000017,0.0,47.4,1.7053603021063542e-13
2000-12-01,"98,05","0,0","48,1","2,2",8.526801510531771e-14,48.10000000000009,0.0,48.1,8.526801510531771e-14
2001-01-01,"98,11","0,06","16,3","-0,1",4.2634007552658856e-14,16.300000000000043,0.0,16.3,4.2634007552658856e-14
2001-02-01,"98,11","0,0","26,9","0,7",2.1317003776329428e-14,26.90000000000002,0.0,26.9,2.1317003776329428e-14
2001-03-01,"98,15","0,04","49,5","2,6",1.0658501888164714e-14,49.500000000000014,0.0,49.5,1.0658501888164714e-14
2001-04-01,"98,21","0,06","36,1","8,0",5.329250944082357e-15,36.10000000000001,0.0,36.1,5.329250944082357e-15
2001-05-01,"98,25","0,04","29,0","14,4",2.6646254720411785e-15,29.000000000000004,0.0,29.0,2.6646254720411785e-15
2001-06-01,"98,21","-0,04","49,9","15,1",1.3323127360205892e-15,49.9,0.0,49.9,1.3323127360205892e-15
2001-07-01,"98,17","-0,04","76,6","19,9",6.661563680102946e-16,76.6,0.0,76.6,6.661563680102946e-16
2001-08-01,"98,13","-0,04","28,3","19,8",3.330781840051473e-16,28.3,0.0,28.3,3.330781840051473e-16
2001-09-01,"98,13","0,0","97,6","12,3",1.6653909200257363e-16,97.6,0.0,97.6,1.6653909200257363e-16
2001-10-01,"98,13","0,0","20,9","3,0",8.326954600128683e-17,20.9,0.0,20.9,8.326954600128683e-17
2001-11-01,"98,09","-0,04","21,2","-1,6",5.3,15.9,5.3,15.9,0.0
2001-12-01,"98,09","0,0","54,0","-0,3",2.65,56.65,0.0,54.0,2.65
2002-01-01,"98,11","0,02","29,9","0,7",1.325,31.225,0.0,29.9,1.325
2002-02-01,"98,19","0,08","67,2","4,0",0.6625,67.8625,0.0,67.2,0.6625
2002-03-01,"98,25","0,06","49,5","5,0",0.33125,49.83125,0.0,49.5,0.33125
2002-04-01,"98,37","0,12","15,0","8,8",0.165625,15.165625,0.0,15.0,0.165625
2002-05-01,"98,37","0,0","40,3","16,8",0.0828125,40.3828125,0.0,40.3,0.0828125
2002-06-01,"98,33","-0,04","47,3","18,0",0.04140625,47.34140625,0.0,47.3,0.04140625
2002-07-01,"98,25","-0,08","61,6","20,3",0.020703125,61.620703125,0.0,61.6,0.020703125
2002-08-01,"98,17","-0,08","49,9","21,5",0.0103515625,49.9103515625,0.0,49.9,0.0103515625
2002-09-01,"98,17","0,0","66,2","14,2",0.00517578125,66.20517578125,0.0,66.2,0.00517578125
2002-10-01,"98,15","-0,02","82,7","7,7",0.002587890625,82.702587890625,0.0,82.7,0.002587890625
2002-11-01,"98,15","0,0","46,2","4,3",0.0012939453125,46.2012939453125,0.0,46.2,0.0012939453125
2002-12-01,"98,19","0,04","7,3","-3,6",7.3012939453125,0.0,7.3,0.0,0.0
2003-01-01,"98,25","0,06","41,7","-1,7",17.7262939453125,31.275,10.425,31.275,0.0
2003-02-01,"98,27","0,02","5,5","-3,5",23.2262939453125,0.0,5.5,0.0,0.0
2003-03-01,"98,27","0,0","14,4","3,0",11.61314697265625,26.01314697265625,0.0,14.4,11.61314697265625
2003-04-01,"98,33","0,06","12,7","8,2",5.806573486328125,18.50657348632812,0.0,12.7,5.806573486328125
2003-05-01,"98,33","0,0","35,2","15,7",2.9032867431640623,38.10328674316406,0.0,35.2,2.9032867431640623
2003-06-01,"98,19","-0,14","26,0","19,0",1.4516433715820312,27.45164337158203,0.0,26.0,1.4516433715820312
2003-07-01,"98,17","-0,02","68,2","19,5",0.7258216857910156,68.92582168579102,0.0,68.2,0.7258216857910156
2003-08-01,"98,03","-0,14","16,8","19,4",0.3629108428955078,17.16291084289551,0.0,16.8,0.3629108428955078
2003-09-01,"97,95","-0,08","11,2","14,7",0.1814554214477539,11.381455421447754,0.0,11.2,0.1814554214477539
2003-10-01,"97,91","-0,04","40,1","5,8",0.0907277107238769,40.19072771072388,0.0,40.1,0.0907277107238769
2003-11-01,"97,91","0,0","24,0","5,6",0.0453638553619384,24.045363855361938,0.0,24.0,0.0453638553619384
2003-12-01,"97,91","0,0","37,9","1,9",0.0226819276809692,37.92268192768097,0.0,37.9,0.0226819276809692
2004-01-01,"97,93","0,02","49,2","-4,0",49.22268192768097,0.0,49.2,0.0,0.0
2004-02-01,"97,99","0,06","36,6","1,6",24.611340963840487,61.211340963840485,0.0,36.6,24.611340963840487
2004-03-01,"98,07","0,08","29,1","4,7",12.305670481920243,41.40567048192025,0.0,29.1,12.305670481920243
2004-04-01,"98,09","0,02","31,6","9,4",6.152835240960122,37.75283524096013,0.0,31.6,6.152835240960122
2004-05-01,"98,11","0,02","50,3","12,5",3.076417620480061,53.376417620480055,0.0,50.3,3.076417620480061
2004-06-01,"98,04","-0,07","38,5","16,0",1.5382088102400304,40.03820881024003,0.0,38.5,1.5382088102400304
2004-07-01,"97,98","-0,06","31,7","18,0",0.7691044051200152,32.469104405120014,0.0,31.7,0.7691044051200152
2004-08-01,"97,89","-0,09","77,4","20,0",0.3845522025600076,77.78455220256001,0.0,77.4,0.3845522025600076
2004-09-01,"97,81","-0,08","29,5","14,3",0.1922761012800038,29.692276101280004,0.0,29.5,0.1922761012800038
2004-10-01,"97,83","0,02","57,3","10,5",0.0961380506400019,57.39613805064,0.0,57.3,0.0961380506400019
2004-11-01,"97,81","-0,02","46,8","4,2",0.0480690253200009,46.84806902532,0.0,46.8,0.0480690253200009
2004-12-01,"97,83","0,02","35,8","1,7",0.0240345126600004,35.82403451266,0.0,35.8,0.0240345126600004
2005-01-01,"97,85","0,02","28,2","1,8",0.0120172563300002,28.21201725633,0.0,28.2,0.0120172563300002
2005-02-01,"97,89","0,04","51,6","-1,8",12.91201725633,38.7,12.9,38.7,0.0
2005-03-01,"97,93","0,04","22,8","1,4",6.456008628165001,29.256008628165,0.0,22.8,6.456008628165001
2005-04-01,"97,99","0,06","31,0","9,1",3.2280043140825003,34.2280043140825,0.0,31.0,3.2280043140825003
2005-05-01,"98,01","0,02","88,5","13,6",1.6140021570412502,90.11400215704126,0.0,88.5,1.6140021570412502
2005-06-01,"98,01","0,0","33,6","16,5",0.8070010785206251,34.40700107852063,0.0,33.6,0.8070010785206251
2005-07-01,"97,91","-0,1","65,4","20,1",0.4035005392603125,65.80350053926031,0.0,65.4,0.4035005392603125
2005-08-01,"97,85","-0,06","23,1","17,3",0.2017502696301562,23.30175026963016,0.0,23.1,0.2017502696301562
2005-09-01,"97,75","-0,1","24,2","16,2",0.1008751348150781,24.30087513481508,0.0,24.2,0.1008751348150781
2005-10-01,"97,67","-0,08","6,6","10,8",0.050437567407539,6.650437567407539,0.0,6.6,0.050437567407539
2005-11-01,"97,65","-0,02","28,5","3,5",0.0252187837037695,28.52521878370377,0.0,28.5,0.0252187837037695
2005-12-01,"97,65","0,0","100,7","0,3",0.0126093918518847,100.71260939185188,0.0,100.7,0.0126093918518847
2006-01-01,"97,71","0,06","19,4","-6,1",19.412609391851884,0.0,19.4,0.0,0.0
2006-02-01,"97,73","0,02","46,3","-1,3",30.987609391851883,34.724999999999994,11.575,34.724999999999994,0.0
2006-03-01,"97,73","0,0","33,3","0,9",15.493804695925942,48.79380469592594,0.0,33.3,15.493804695925942
2006-04-01,"97,77","0,04","51,1","9,1",7.746902347962971,58.846902347962974,0.0,51.1,7.746902347962971
2006-05-01,"97,85","0,08","50,9","13,6",3.873451173981485,54.773451173981485,0.0,50.9,3.873451173981485
2006-06-01,"97,79","-0,06","20,0","18,1",1.9367255869907427,21.936725586990743,0.0,20.0,1.9367255869907427
2006-07-01,"97,63","-0,16","11,2","23,5",0.9683627934953714,12.16836279349537,0.0,11.2,0.9683627934953714
2006-08-01,"97,61","-0,02","205,5","17,8",0.4841813967476857,205.9841813967477,0.0,205.5,0.4841813967476857
2006-09-01,"97,68","0,07","13,2","17,1",0.2420906983738428,13.442090698373844,0.0,13.2,0.2420906983738428
2006-10-01,"97,65","-0,03","44,7","11,5",0.1210453491869214,44.821045349186925,0.0,44.7,0.1210453491869214
2006-11-01,"97,65","0,0","42,8","6,8",0.0605226745934607,42.860522674593454,0.0,42.8,0.0605226745934607
2006-12-01,"97,65","0,0","37,6","4,7",0.0302613372967303,37.63026133729673,0.0,37.6,0.0302613372967303
2007-01-01,"97,67","0,02","90,3","4,5",0.0151306686483651,90.31513066864837,0.0,90.3,0.0151306686483651
2007-02-01,"97,77","0,1","49,7","1,2",0.0075653343241825,49.70756533432419,0.0,49.7,0.0075653343241825
2007-03-01,"97,83","0,06","60,9","6,7",0.0037826671620912,60.90378266716209,0.0,60.9,0.0037826671620912
2007-04-01,"97,95","0,12","13,7","10,2",0.0018913335810456,13.701891333581043,0.0,13.7,0.0018913335810456
2007-05-01,"97,95","0,0","46,4","15,2",0.0009456667905228,46.40094566679052,0.0,46.4,0.0009456667905228
2007-06-01,"97,91","-0,04","59,3","19,1",0.0004728333952614,59.30047283339526,0.0,59.3,0.0004728333952614
2007-07-01,"97,91","0,0","136,1","18,8",0.0002364166976307,136.1002364166976,0.0,136.1,0.0002364166976307
2007-08-01,"97,92","0,01","61,8","18,9",0.0001182083488153,61.80011820834881,0.0,61.8,0.0001182083488153
2007-09-01,"97,85","-0,07","40,3","13,8",5.910417440767648e-05,40.3000591041744,0.0,40.3,5.910417440767648e-05
2007-10-01,"97,81","-0,04","16,0","8,5",2.955208720383824e-05,16.000029552087202,0.0,16.0,2.955208720383824e-05
2007-11-01,"97,81","0,0","48,1","2,9",1.477604360191912e-05,48.1000147760436,0.0,48.1,1.477604360191912e-05
2007-12-01,"97,82","0,01","27,6","1,2",7.388021800959559e-06,27.6000073880218,0.0,27.6,7.388021800959559e-06
2008-01-01,"97,83","0,01","84,8","2,6",3.69401090047978e-06,84.8000036940109,0.0,84.8,3.69401090047978e-06
2008-02-01,"97,94","0,11","30,2","4,4",1.8470054502398896e-06,30.20000184700545,0.0,30.2,1.8470054502398896e-06
2008-03-01,"97,99","0,05","50,9","4,7",9.235027251199448e-07,50.90000092350272,0.0,50.9,9.235027251199448e-07
2008-04-01,"98,09","0,1","33,9","8,8",4.617513625599725e-07,33.90000046175136,0.0,33.9,4.617513625599725e-07
2008-05-01,"98,1","0,01","19,2","14,1",2.3087568127998625e-07,19.20000023087568,0.0,19.2,2.3087568127998625e-07
2008-06-01,"97,99","-0,11","14,3","18,0",1.1543784063999313e-07,14.30000011543784,0.0,14.3,1.1543784063999313e-07
2008-07-01,"97,88","-0,11","36,3","19,9",5.7718920319996564e-08,36.30000005771892,0.0,36.3,5.7718920319996564e-08
2008-08-01,"97,84","-0,04","83,3","18,8",2.8859460159998282e-08,83.30000002885946,0.0,83.3,2.8859460159998282e-08
2008-09-01,"97,77","-0,07","22,3","13,7",1.4429730079999141e-08,22.30000001442973,0.0,22.3,1.4429730079999141e-08
2008-10-01,"97,75","-0,02","67,8","9,8",7.214865039999569e-09,67.80000000721486,0.0,67.8,7.214865039999569e-09
2008-11-01,"97,76","0,01","16,4","5,7",3.6074325199997844e-09,16.40000000360743,0.0,16.4,3.6074325199997844e-09
2008-12-01,"97,76","0,0","20,0","1,5",1.8037162599998918e-09,20.00000000180372,0.0,20.0,1.8037162599998918e-09
2009-01-01,"97,76","0,0","21,2","-2,6",10.600000001803716,10.6,10.6,10.6,0.0
2009-02-01,"97,78","0,02","33,9","-0,3",5.300000000901858,39.20000000090186,0.0,33.9,5.300000000901858
2009-03-01,"97,81","0,03","48,0","4,2",2.650000000450929,50.65000000045093,0.0,48.0,2.650000000450929
2009-04-01,"97,83","0,02","3,5","11,7",1.3250000002254645,4.825000000225464,0.0,3.5,1.3250000002254645
2009-05-01,"97,8","-0,03","80,1","13,3",0.6625000001127322,80.76250000011272,0.0,80.1,0.6625000001127322
2009-06-01,"97,85","0,05","104,1","15,9",0.3312500000563661,104.43125000005637,0.0,104.1,0.3312500000563661
2009-07-01,"97,89","0,04","110,2","19,7",0.165625000028183,110.3656250000282,0.0,110.2,0.165625000028183
2009-08-01,"97,85","-0,04","63,0","19,3",0.0828125000140915,63.08281250001409,0.0,63.0,0.0828125000140915
2009-09-01,"97,76","-0,09","39,9","16,2",0.0414062500070457,39.94140625000704,0.0,39.9,0.0414062500070457
2009-10-01,"97,74","-0,02","57,5","7,8",0.0207031250035228,57.52070312500352,0.0,57.5,0.0207031250035228
2009-11-01,"97,73","-0,01","42,6","6,8",0.0103515625017614,42.61035156250176,0.0,42.6,0.0103515625017614
2009-12-01,"97,77","0,04","45,3","-0,7",0.007246093751233,45.30310546875052,0.0,45.3,0.0031054687505284
2010-01-01,"97,78","0,01","52,5","-6,5",52.50724609375124,0.0,52.5,0.0,0.0
2010-02-01,"97,79","0,01","28,9","-1,0",59.73224609375124,21.675,7.225,21.675,0.0
2010-03-01,"97,85","0,06","52,6","3,7",29.86612304687561,82.46612304687562,0.0,52.6,29.86612304687561
2010-04-01,"97,94","0,09","44,9","8,8",14.933061523437807,59.833061523437806,0.0,44.9,14.933061523437807
2010-05-01,"98,01","0,07","100,1","11,5",7.466530761718904,107.5665307617189,0.0,100.1,7.466530761718904
2010-06-01,"98,09","0,08","62,1","17,1",3.733265380859452,65.83326538085946,0.0,62.1,3.733265380859452
2010-07-01,"98,01","-0,08","81,5","21,7",1.866632690429726,83.36663269042973,0.0,81.5,1.866632690429726
2010-08-01,"98,04","0,03","119,7","18,9",0.9333163452148632,120.63331634521488,0.0,119.7,0.9333163452148632
2010-09-01,"98,07","0,03","57,0","12,9",0.4666581726074315,57.46665817260743,0.0,57.0,0.4666581726074315
2010-10-01,"98,04","-0,03","5,6","6,7",0.2333290863037157,5.833329086303715,0.0,5.6,0.2333290863037157
2010-11-01,"98,04","0,0","151,0","4,9",0.1166645431518578,151.11666454315187,0.0,151.0,0.1166645431518578
2010-12-01,"98,21","0,17","85,2","-5,8",85.31666454315186,0.0,85.2,0.0,0.0
2011-01-01,"98,33","0,12","32,4","0,3",50.31666454315186,67.4,0.0,32.4,35.0
2011-02-01,"98,53","0,2","26,9","-3,0",77.21666454315186,0.0,26.9,0.0,0.0
2011-03-01,"98,58","0,05","22,1","3,5",42.216664543151865,57.1,0.0,22.1,35.0
2011-04-01,"98,67","0,09","11,0","11,7",21.10833227157593,32.10833227157593,0.0,11.0,21.10833227157593
2011-05-01,"98,64","-0,03","19,7","13,9",10.554166135787966,30.254166135787965,0.0,19.7,10.554166135787966
2011-06-01,"98,58","-0,06","65,9","18,8",5.277083067893983,71.17708306789399,0.0,65.9,5.277083067893983
2011-07-01,"98,57","-0,01","96,1","17,9",2.6385415339469915,98.738541533947,0.0,96.1,2.6385415339469915
2011-08-01,"98,54","-0,03","39,8","19,3",1.3192707669734958,41.11927076697349,0.0,39.8,1.3192707669734958
2011-09-01,"98,45","-0,09","14,3","15,7",0.6596353834867479,14.959635383486749,0.0,14.3,0.6596353834867479
2011-10-01,"98,4","-0,05","15,6","9,8",0.3298176917433739,15.929817691743374,0.0,15.6,0.3298176917433739
2011-11-01,"98,36","-0,04","8,0","4,1",0.1649088458716869,8.164908845871686,0.0,8.0,0.1649088458716869
2011-12-01,"98,36","0,0","43,6","3,5",0.0824544229358434,43.68245442293585,0.0,43.6,0.0824544229358434
2012-01-01,"98,39","0,03","77,6","0,5",0.0412272114679217,77.64122721146792,0.0,77.6,0.0412272114679217
2012-02-01,"98,49","0,1","41,2","-4,1",41.24122721146792,0.0,41.2,0.0,0.0
2012-03-01,"98,51","0,02","11,1","6,5",20.62061360573396,31.72061360573396,0.0,11.1,20.62061360573396
2012-04-01,"98,57","0,06","22,4","9,5",10.31030680286698,32.71030680286698,0.0,22.4,10.31030680286698
2012-05-01,"98,51","-0,06","29,1","15,0",5.15515340143349,34.25515340143349,0.0,29.1,5.15515340143349
2012-06-01,"98,49","-0,02","94,9","16,8",2.577576700716745,97.47757670071675,0.0,94.9,2.577576700716745
2012-07-01,"98,47","-0,02","56,2","19,8",1.2887883503583726,57.48878835035838,0.0,56.2,1.2887883503583726
2012-08-01,"98,39","-0,08","40,8","19,3",0.6443941751791863,41.444394175179184,0.0,40.8,0.6443941751791863
2012-09-01,"98,33","-0,06","43,3","15,0",0.3221970875895931,43.62219708758959,0.0,43.3,0.3221970875895931
2012-10-01,"98,29","-0,04","33,9","9,0",0.1610985437947965,34.06109854379479,0.0,33.9,0.1610985437947965
2012-11-01,"98,29","0,0","39,3","5,7",0.0805492718973982,39.380549271897394,0.0,39.3,0.0805492718973982
2012-12-01,"98,3","0,01","25,4","-0,6",0.0563844903281788,25.424164781569218,0.0,25.4,0.0241647815692194
2013-01-01,"98,3","0,0","66,1","-2,0",33.106384490328175,33.05,33.05,33.05,0.0
2013-02-01,"98,37","0,07","46,4","0,0",16.553192245164087,62.95319224516409,0.0,46.4,16.553192245164087
2013-03-01,"98,44","0,07","51,0","-1,7",29.303192245164087,38.25,12.75,38.25,0.0
2013-04-01,"98,48","0,04","29,5","8,5",14.651596122582044,44.15159612258204,0.0,29.5,14.651596122582044
2013-05-01,"98,52","0,04","102,0","15,1",7.325798061291022,109.32579806129102,0.0,102.0,7.325798061291022
2013-06-01,"98,53","0,01","77,5","17,8",3.662899030645511,81.1628990306455,0.0,77.5,3.662899030645511
2013-07-01,"98,51","-0,02","70,3","20,3",1.831449515322756,72.13144951532276,0.0,70.3,1.831449515322756
2013-08-01,"98,44","-0,07","58,8","19,4",0.9157247576613776,59.71572475766138,0.0,58.8,0.9157247576613776
2013-09-01,"98,41","-0,03","90,9","13,0",0.4578623788306888,91.35786237883067,0.0,90.9,0.4578623788306888
2013-10-01,"98,42","0,01","17,6","11,1",0.2289311894153444,17.828931189415346,0.0,17.6,0.2289311894153444
2013-11-01,"98,43","0,01","47,0","5,4",0.1144655947076722,47.11446559470768,0.0,47.0,0.1144655947076722
2013-12-01,"98,45","0,02","24,1","3,0",0.0572327973538361,24.15723279735384,0.0,24.1,0.0572327973538361
2014-01-01,"98,48","0,03","52,4","-0,9",0.0400629581476852,52.41716983920615,0.0,52.4,0.0171698392061508
2014-02-01,"98,53","0,05","3,6","4,2",0.0200314790738426,3.620031479073843,0.0,3.6,0.0200314790738426
2014-03-01,"98,55","0,02","55,6","7,2",0.0100157395369213,55.61001573953692,0.0,55.6,0.0100157395369213
2014-04-01,"98,63","0,08","32,9","11,1",0.0050078697684606,32.90500786976846,0.0,32.9,0.0050078697684606
2014-05-01,"98,62","-0,01","89,1","13,7",0.0025039348842303,89.10250393488423,0.0,89.1,0.0025039348842303
2014-06-01,"98,58","-0,04","19,6","16,5",0.0012519674421151,19.60125196744212,0.0,19.6,0.0012519674421151
2014-07-01,"98,49","-0,09","39,9","22,1",0.0006259837210575,39.900625983721056,0.0,39.9,0.0006259837210575
2014-08-01,"98,44","-0,05","90,5","18,2",0.0003129918605287,90.50031299186053,0.0,90.5,0.0003129918605287
2014-09-01,"98,39","-0,05","41,0","15,8",0.0001564959302643,41.00015649593026,0.0,41.0,0.0001564959302643
2014-10-01,"98,37","-0,02","30,9","11,3",7.82479651321978e-05,30.90007824796513,0.0,30.9,7.82479651321978e-05
2014-11-01,"98,36","-0,01","17,2","6,1",3.91239825660989e-05,17.200039123982567,0.0,17.2,3.91239825660989e-05
2014-12-01,"98,33","-0,03","30,6","1,8",1.956199128304945e-05,30.600019561991285,0.0,30.6,1.956199128304945e-05
2015-01-01,"98,37","0,04","34,2","2,2",9.780995641524726e-06,34.20000978099564,0.0,34.2,9.780995641524726e-06
2015-02-01,"98,4","0,03","12,8","1,3",4.890497820762363e-06,12.80000489049782,0.0,12.8,4.890497820762363e-06
2015-03-01,"98,42","0,02","40,3","5,7",2.445248910381181e-06,40.30000244524891,0.0,40.3,2.445248910381181e-06
2015-04-01,"98,43","0,01","26,6","8,9",1.2226244551905907e-06,26.600001222624456,0.0,26.6,1.2226244551905907e-06
2015-05-01,"98,39","-0,04","25,8","13,2",6.113122275952954e-07,25.800000611312228,0.0,25.8,6.113122275952954e-07
2015-06-01,"98,35","-0,04","76,6","16,3",3.056561137976477e-07,76.60000030565611,0.0,76.6,3.056561137976477e-07
2015-07-01,"98,29","-0,06","59,2","19,8",1.528280568988239e-07,59.20000015282806,0.0,59.2,1.528280568988239e-07
2015-08-01,"98,15","-0,14","30,3","22,7",7.641402844941193e-08,30.30000007641403,0.0,30.3,7.641402844941193e-08
2015-09-01,"98,07","-0,08","28,0","15,3",3.8207014224705966e-08,28.000000038207013,0.0,28.0,3.8207014224705966e-08
2015-10-01,"98,02","-0,05","29,4","8,3",1.9103507112352983e-08,29.400000019103505,0.0,29.4,1.9103507112352983e-08
2015-11-01,"98,01","-0,01","47,3","6,5",9.551753556176492e-09,47.30000000955175,0.0,47.3,9.551753556176492e-09
2015-12-01,"98,03","0,02","21,0","5,8",4.775876778088245e-09,21.00000000477588,0.0,21.0,4.775876778088245e-09
2016-01-01,"98,02","-0,01","30,3","-1,5",7.575000004775877,22.725,7.575,22.725,0.0
2016-02-01,"98,05","0,03","40,5","3,8",3.7875000023879375,44.28750000238794,0.0,40.5,3.7875000023879375
2016-03-01,"98,09","0,04","27,3","4,2",1.8937500011939687,29.19375000119397,0.0,27.3,1.8937500011939687
2016-04-01,"98,09","0,0","16,1","9,2",0.9468750005969846,17.046875000596987,0.0,16.1,0.9468750005969846
2016-05-01,"98,04","-0,05","38,2","15,8",0.4734375002984923,38.6734375002985,0.0,38.2,0.4734375002984923
2016-06-01,"98,0","-0,04","45,1","19,0",0.2367187501492461,45.336718750149245,0.0,45.1,0.2367187501492461
2016-07-01,"97,95","-0,05","130,9","19,5",0.118359375074623,131.01835937507462,0.0,130.9,0.118359375074623
2016-08-01,"97,92","-0,03","35,5","18,3",0.0591796875373115,35.55917968753731,0.0,35.5,0.0591796875373115
2016-09-01,"97,81","-0,11","6,9","17,2",0.0295898437686557,6.929589843768656,0.0,6.9,0.0295898437686557
2016-10-01,"97,81","0,0","121,2","8,5",0.0147949218843278,121.21479492188432,0.0,121.2,0.0147949218843278
2016-11-01,"97,83","0,02","40,5","3,3",0.0073974609421639,40.507397460942165,0.0,40.5,0.0073974609421639
2016-12-01,"97,84","0,01","44,6","1,8",0.0036987304710819,44.60369873047108,0.0,44.6,0.0036987304710819
2017-01-01,"97,86","0,02","16,5","-2,1",8.253698730471083,8.25,8.25,8.25,0.0
2017-02-01,"97,86","0,0","25,5","0,8",4.126849365235541,29.626849365235543,0.0,25.5,4.126849365235541
2017-03-01,"97,89","0,03","29,5","6,9",2.0634246826177707,31.56342468261777,0.0,29.5,2.0634246826177707
2017-04-01,"97,93","0,04","29,7","7,9",1.0317123413088851,30.731712341308885,0.0,29.7,1.0317123413088851
2017-05-01,"97,94","0,01","48,9","14,1",0.5158561706544427,49.41585617065444,0.0,48.9,0.5158561706544427
2017-06-01,"97,91","-0,03","70,6","18,1",0.2579280853272213,70.85792808532722,0.0,70.6,0.2579280853272213
2017-07-01,"97,9","-0,01","111,3","18,6",0.1289640426636106,111.4289640426636,0.0,111.3,0.1289640426636106
2017-08-01,"97,91","0,01","86,0","19,3",0.0644820213318053,86.0644820213318,0.0,86.0,0.0644820213318053
2017-09-01,"97,92","0,01","77,2","13,9",0.0322410106659026,77.2322410106659,0.0,77.2,0.0322410106659026
2017-10-01,"97,93","0,01","90,2","11,4",0.0161205053329513,90.21612050533297,0.0,90.2,0.0161205053329513
2017-11-01,"97,97","0,04","48,8","5,6",0.0080602526664756,48.80806025266647,0.0,48.8,0.0080602526664756
2017-12-01,"98,01","0,04","51,1","2,9",0.0040301263332378,51.10403012633324,0.0,51.1,0.0040301263332378
2018-01-01,"98,09","0,08","55,7","2,3",0.0020150631666189,55.70201506316662,0.0,55.7,0.0020150631666189
2018-02-01,"98,15","0,06","3,3","-2,4",1.6520150631666188,1.65,1.65,1.65,0.0
2018-03-01,"98,18","0,03","33,9","1,0",0.8260075315833094,34.726007531583306,0.0,33.9,0.8260075315833094
2018-04-01,"98,19","0,01","27,7","13,5",0.4130037657916547,28.113003765791653,0.0,27.7,0.4130037657916547
2018-05-01,"98,23","0,04","50,2","17,4",0.2065018828958273,50.40650188289583,0.0,50.2,0.2065018828958273
2018-06-01,"98,13","-0,1","72,1","19,8",0.1032509414479136,72.2032509414479,0.0,72.1,0.1032509414479136
2018-07-01,"98,11","-0,02","103,1","20,6",0.0516254707239568,103.15162547072396,0.0,103.1,0.0516254707239568
2018-08-01,"98,03","-0,08","15,0","21,8",0.0258127353619784,15.025812735361978,0.0,15.0,0.0258127353619784
2018-09-01,"97,95","-0,08","37,8","16,6",0.0129063676809892,37.81290636768099,0.0,37.8,0.0129063676809892
2018-10-01,"97,91","-0,04","39,8","11,2",0.0064531838404946,39.80645318384049,0.0,39.8,0.0064531838404946
2018-11-01,"97,92","0,01","17,7","5,4",0.0032265919202473,17.703226591920245,0.0,17.7,0.0032265919202473
2018-12-01,"97,91","-0,01","50,9","2,6",0.0016132959601236,50.901613295960125,0.0,50.9,0.0016132959601236
2019-01-01,"97,95","0,04","41,7","-0,3",0.0008066479800618,41.70080664798007,0.0,41.7,0.0008066479800618
2019-02-01,"98,01","0,06","25,7","4,0",0.0004033239900309,25.70040332399003,0.0,25.7,0.0004033239900309
2019-03-01,"98,05","0,04","37,7","7,0",0.0002016619950154,37.70020166199502,0.0,37.7,0.0002016619950154
2019-04-01,"98,08","0,03","9,1","10,7",0.0001008309975077,9.100100830997508,0.0,9.1,0.0001008309975077
2019-05-01,"98,06","-0,02","102,5","12,3",5.04154987538641e-05,102.50005041549876,0.0,102.5,5.04154987538641e-05
2019-06-01,"98,04","-0,02","17,5","23,1",2.520774937693205e-05,17.500025207749378,0.0,17.5,2.520774937693205e-05
2019-07-01,"97,91","-0,13","10,1","19,7",1.2603874688466023e-05,10.100012603874688,0.0,10.1,1.2603874688466023e-05
2019-08-01,"97,85","-0,06","43,5","21,3",6.3019373442330125e-06,43.50000630193735,0.0,43.5,6.3019373442330125e-06
2019-09-01,"97,75","-0,1","50,8","14,9",3.1509686721165063e-06,50.80000315096867,0.0,50.8,3.1509686721165063e-06
2019-10-01,"97,75","0,0","21,6","11,5",1.5754843360582531e-06,21.60000157548433,0.0,21.6,1.5754843360582531e-06
2019-11-01,"97,75","0,0","38,4","6,8",7.877421680291266e-07,38.400000787742165,0.0,38.4,7.877421680291266e-07
2019-12-01,"97,75","0,0","18,3","3,8",3.938710840145633e-07,18.300000393871084,0.0,18.3,3.938710840145633e-07
2020-01-01,"97,75","0,0","33,1","3,5",1.969355420072817e-07,33.10000019693555,0.0,33.1,1.969355420072817e-07
2020-02-01,"97,78","0,03","66,0","5,4",9.846777100364085e-08,66.00000009846777,0.0,66.0,9.846777100364085e-08
2020-03-01,"97,85","0,07","27,1","5,4",4.9233885501820424e-08,27.100000049233888,0.0,27.1,4.9233885501820424e-08
2020-04-01,"97,83","-0,02","5,0","9,4",2.4616942750910205e-08,5.000000024616943,0.0,5.0,2.4616942750910205e-08
2020-05-01,"97,81","-0,02","61,3","12,1",1.2308471375455104e-08,61.30000001230847,0.0,61.3,1.2308471375455104e-08
2020-06-01,"97,81","0,0","89,9","18,8",6.154235687727551e-09,89.90000000615424,0.0,89.9,6.154235687727551e-09
2020-07-01,"97,81","0,0","46,1","19,5",3.0771178438637756e-09,46.10000000307712,0.0,46.1,3.0771178438637756e-09
2020-08-01,"97,73","-0,08","97,0","21,1",1.5385589219318874e-09,97.00000000153857,0.0,97.0,1.5385589219318874e-09
2020-09-01,"97,71","-0,02","46,7","15,9",7.692794609659437e-10,46.70000000076928,0.0,46.7,7.692794609659437e-10
2020-10-01,"97,72","0,01","77,4","11,4",3.8463973048297196e-10,77.40000000038465,0.0,77.4,3.8463973048297196e-10
2020-11-01,"97,72","0,0","10,0","6,4",1.9231986524148598e-10,10.00000000019232,0.0,10.0,1.9231986524148598e-10
2020-12-01,"97,72","0,0","29,2","2,5",9.615993262074299e-11,29.20000000009616,0.0,29.2,9.615993262074299e-11
2021-01-01,"97,74","0,02","45,6","-0,2",4.807996631037149e-11,45.60000000004808,0.0,45.6,4.807996631037149e-11
2021-02-01,"97,8","0,06","32,5","-0,4",2.4039983155185747e-11,32.50000000002404,0.0,32.5,2.4039983155185747e-11
2021-03-01,"97,85","0,05","12,3","4,4",1.2019991577592874e-11,12.30000000001202,0.0,12.3,1.2019991577592874e-11
2021-04-01,"97,87","0,02","38,5","6,8",6.009995788796437e-12,38.50000000000601,0.0,38.5,6.009995788796437e-12
2021-05-01,"97,91","0,04","91,0","12,7",3.0049978943982184e-12,91.000000000003,0.0,91.0,3.0049978943982184e-12
2021-06-01,"97,94","0,03","38,4","20,5",1.5024989471991092e-12,38.4000000000015,0.0,38.4,1.5024989471991092e-12
2021-07-01,"97,88","-0,06","53,9","21,4",7.512494735995546e-13,53.90000000000075,0.0,53.9,7.512494735995546e-13
2021-08-01,"97,81","-0,07","90,3","18,0",3.756247367997773e-13,90.30000000000037,0.0,90.3,3.756247367997773e-13
2021-09-01,"97,77","-0,04","8,4","15,7",1.8781236839988865e-13,8.400000000000189,0.0,8.4,1.8781236839988865e-13
2021-10-01,"97,71","-0,06","26,7","10,5",9.390618419994433e-14,26.70000000000009,0.0,26.7,9.390618419994433e-14
2021-11-01,"97,71","0,0","32,8","5,8",4.695309209997216e-14,32.80000000000005,0.0,32.8,4.695309209997216e-14
2021-12-01,"97,71","0,0","29,4","-0,2",2.347654604998608e-14,29.400000000000023,0.0,29.4,2.347654604998608e-14
2022-01-01,"97,72","0,01","59,4","1,7",1.173827302499304e-14,59.40000000000001,0.0,59.4,1.173827302499304e-14
2022-02-01,"97,79","0,07","55,5","4,5",5.86913651249652e-15,55.50000000000001,0.0,55.5,5.86913651249652e-15
2022-03-01,"97,85","0,06","0,0","4,3",2.93456825624826e-15,2.93456825624826e-15,0.0,0.0,2.93456825624826e-15
2022-04-01,"97,85","0,0","38,8","7,8",1.46728412812413e-15,38.8,0.0,38.8,1.46728412812413e-15
2022-05-01,"97,83","-0,02","49,9","14,6",7.336420640620649e-16,49.9,0.0,49.9,7.336420640620649e-16
2022-06-01,"97,81","-0,02","58,6","19,6",3.668210320310325e-16,58.6,0.0,58.6,3.668210320310325e-16
2022-07-01,"97,71","-0,1","65,2","20,4",1.8341051601551624e-16,65.2,0.0,65.2,1.8341051601551624e-16
2022-08-01,"97,67","-0,04","32,1","22,2",9.170525800775812e-17,32.1,0.0,32.1,9.170525800775812e-17
2022-09-01,"97,59","-0,08","43,8","13,7",4.5852629003879065e-17,43.8,0.0,43.8,4.5852629003879065e-17
2022-10-01,"97,57","-0,02","37,9","12,6",2.2926314501939533e-17,37.9,0.0,37.9,2.2926314501939533e-17
2022-11-01,"97,57","0,0","16,2","5,0",1.1463157250969766e-17,16.2,0.0,16.2,1.1463157250969766e-17
2022-12-01,"97,56","-0,01","39,1","1,2",5.731578625484883e-18,39.1,0.0,39.1,5.731578625484883e-18
2023-01-01,"97,59","0,03","47,4","3,5",2.8657893127424416e-18,47.4,0.0,47.4,2.8657893127424416e-18
2023-02-01,"97,65","0,06","37,0","2,6",1.4328946563712208e-18,37.0,0.0,37.0,1.4328946563712208e-18
2023-03-01,"97,71","0,06","43,2","5,1",7.164473281856104e-19,43.2,0.0,43.2,7.164473281856104e-19
2023-04-01,"97,76","0,05","44,4","8,4",3.582236640928052e-19,44.4,0.0,44.4,3.582236640928052e-19
2023-05-01,"97,76","0,0","29,1","13,3",1.791118320464026e-19,29.1,0.0,29.1,1.791118320464026e-19
2023-06-01,"97,68","-0,08","39,3","19,3",8.95559160232013e-20,39.3,0.0,39.3,8.95559160232013e-20
2023-07-01,"97,57","-0,11","38,4","20,4",4.477795801160065e-20,38.4,0.0,38.4,4.477795801160065e-20
2023-08-01,"97,54","-0,03","105,5","20,0",2.238897900580032e-20,105.5,0.0,105.5,2.238897900580032e-20
2023-09-01,"97,49","-0,05","7,8","18,7",1.119448950290016e-20,7.8,0.0,7.8,1.119448950290016e-20
2023-10-01,"97,43","-0,06","48,4","11,5",5.5972447514500804e-21,48.4,0.0,48.4,5.5972447514500804e-21
2023-11-01,"97,44","0,01","84,5","4,8",2.798622375725041e-21,84.5,0.0,84.5,2.798622375725041e-21
2023-12-01,"97,49","0,05","64,1","2,8",1.3993111878625205e-21,64.1,0.0,64.1,1.3993111878625205e-21
2024-01-01,"97,57","0,08","53,9","0,6",6.9965559393126015e-22,53.9,0.0,53.9,6.9965559393126015e-22
2024-02-01,"97,64","0,07","60,0","6,3",3.4982779696563007e-22,60.0,0.0,60.0,3.4982779696563007e-22
2024-03-01,"97,73","0,09","21,7","7,9",1.7491389848281504e-22,21.7,0.0,21.7,1.7491389848281504e-22
2024-04-01,"97,76","0,03","41,0","11,2",8.745694924140752e-23,41.0,0.0,41.0,8.745694924140752e-23
2024-05-01,"97,75","-0,01","42,6","17,2",4.372847462070376e-23,42.6,0.0,42.6,4.372847462070376e-23
2024-06-01,"97,73","-0,02","76,8","18,9",2.186423731035188e-23,76.8,0.0,76.8,2.186423731035188e-23
2024-07-01,"97,67","-0,06","75,6","20,7",1.093211865517594e-23,75.6,0.0,75.6,1.093211865517594e-23
2024-08-01,"97,6","-0,07","39,3","21,3",5.46605932758797e-24,39.3,0.0,39.3,5.46605932758797e-24
2024-09-01,"97,55","-0,05","56,4","17,7",2.733029663793985e-24,56.4,0.0,56.4,2.733029663793985e-24
2024-10-01,"97,5","-0,05","26,6","11,2",1.3665148318969923e-24,26.6,0.0,26.6,1.3665148318969923e-24
2024-11-01,"97,47","-0,03","35,7","4,5",6.8325741594849615e-25,35.7,0.0,35.7,6.8325741594849615e-25
2024-12-01,"97,49","0,02","26,4","3,3",3.4162870797424807e-25,26.4,0.0,26.4,3.4162870797424807e-25
2025-01-01,"97,52","0,03","35,5","2,6",1.7081435398712406e-25,35.5,0.0,35.5,1.7081435398712406e-25
2025-02-01,"97,55","0,03","11,6","0,0",8.540717699356203e-26,11.6,0.0,11.6,8.540717699356203e-26
2025-03-01,"97,57","0,02","21,5","6,5",4.2703588496781015e-26,21.5,0.0,21.5,4.2703588496781015e-26
2025-04-01,"97,59","0,02","17,0","11,5",2.1351794248390507e-26,17.0,0.0,17.0,2.1351794248390507e-26
2025-05-01,"97,56","-0,03","41,4","12,4",1.0675897124195254e-26,41.4,0.0,41.4,1.0675897124195254e-26
2025-06-01,"97,57","0,01","72,8","18,6",5.337948562097627e-27,72.8,0.0,72.8,5.337948562097627e-27
2025-07-01,"97,51","-0,06","66,7","19,6",2.6689742810488127e-27,66.7,0.0,66.7,2.6689742810488127e-27
2025-08-01,"97,45","-0,06","56,2","18,7",1.3344871405244067e-27,56.2,0.0,56.2,1.3344871405244067e-27
2025-09-01,"97,41","-0,04","47,6","16,0",6.672435702622034e-28,47.6,0.0,47.6,6.672435702622034e-28
2025-10-01,"97,39","-0,02","49,0","9,6",3.336217851311017e-28,49.0,0.0,49.0,3.336217851311017e-28
